Luca,11,76
Loyal,11,82
Ace,10,68
Khai,10,92
Bryce,12,68
Violet,11,68
Willow,11,76
Bryson,10,84
Quentin,9,87
Leona,9,84
Junior,9,94
Yara,11,61
James,10,86
Lorenzo,11,86
Luis,11,87
Allison,9,68
Jagger,11,90
Maryam,10,76
Simone,9,90
Dylan,9,91
Monica,11,79
Ashley,12,72
Kamila,11,85
Everleigh,11,65
Jaylene,11,98
Makenzie,10,85
Keith,12,73
Katalina,12,72
Nikolas,9,95
Faith,10,87
Sincere,9,87
Paityn,12,81
Jerry,10,91
Leilani,12,90
Gustavo,10,86
Nolan,10,65
Mohammed,9,70
Idris,11,74
Lorelai,9,73
Bella,11,60
Dominik,9,63
Aries,11,86
Hendrix,12,79
Addilynn,10,74
Aiyana,10,95
Hayden,9,98
Curtis,11,63
Thaddeus,12,71
Calum,9,91
Skyla,11,96
Dior,11,95
Porter,12,93
Allyson,10,78
Legacy,9,71
Kyrie,10,77
Amiri,10,72
Emir,12,95
Sutton,12,66
Angela,11,74
Jair,12,93
Logan,12,87
Justice,12,97
Elon,10,65
Bowen,10,60
Adeline,9,70
Luka,12,98
Spencer,9,75
Kailani,10,61
Jovanni,10,94
Arthur,10,74
Sydney,11,90
Viviana,12,66
Roger,12,63
Kayleigh,11,79
Zaire,9,88
Aylin,12,93
Azaria,11,70
Damari,9,88
Titus,12,75
Lilah,9,88
Zaiden,11,68
Irene,9,92
Goldie,12,81
Maggie,9,81
Abram,9,62
Ahmad,12,73
Brittany,9,81
Madilyn,12,70
Kennedy,11,92
Destiny,9,59
Sienna,11,82
Brecken,12,60
Bethany,10,83
Ezra,10,81
Georgia,11,98
Flora,12,73
Guinevere,9,65
Giavanna,10,62
Santiago,10,67
Xiomara,10,71
Anaya,10,81
Raegan,12,81
Madalyn,9,70
Aliya,10,75
Karsyn,9,72
Wells,9,62
Penelope,9,99
Blaze,9,66
Jocelyn,10,88
Kendall,9,79
Kace,11,82
Robin,11,68
Liana,11,68
Shawn,10,90
Sarah,12,67
Tiffany,12,77
Canaan,12,86
Iyla,9,71
Elyse,11,69
Quinn,10,98
Ricky,10,99
Brooklynn,10,84
Adelynn,12,60
Gwen,12,85
Reyna,11,89
Sophia,12,63
Rome,11,95
Jeremiah,12,72
Amaya,9,83
Robin,11,74
Eloise,12,79
Ty,9,61
Briggs,12,95
Lane,10,67
Leland,12,68
Damien,11,85
Khalil,12,83
Isaiah,12,87
Dexter,10,73
Cory,12,86
Kenzie,12,76
Seven,11,66
Garrett,12,61
Guillermo,10,65
Jax,10,91
Kingston,9,64
Mackenzie,11,98
Sierra,9,92
Edwin,9,94
Bodhi,9,75
Graysen,10,72
Hannah,11,69
Eleanora,9,70
Lana,10,73
Nellie,9,89
Sergio,12,80
Alaiya,9,72
Nathaniel,9,59
Dallas,11,74
Tucker,12,89
Grace,10,69
Armando,9,66
Felipe,9,66
Mallory,12,94
Derrick,11,99
Sonny,10,98
Heaven,11,83
Griffin,10,85
Penny,10,92
Jadiel,10,66
Reign,9,61
Lawson,9,89
Osiris,11,96
Jett,9,64
Dilan,12,97
Abraham,9,89
Knox,9,71
Oakley,11,65
Alice,10,81
Reagan,10,88
Jakob,12,95
Jaxxon,10,81
Fernando,9,76
Jesse,10,73
Brennan,12,95
Lola,11,86
Raymond,10,70
Ivy,12,78
Zuri,9,75
Bjorn,11,82
Maxine,10,76
Yaretzi,12,83
Clover,10,78
Harper,9,97
Ariel,9,76
Myla,10,59
Sandra,9,82
Clayton,11,82
Melvin,10,93
Arielle,12,95
Alonzo,10,83
Omar,11,96
Liliana,12,93
Theodora,10,82
Aubrie,9,75
Dakari,12,75
Ezra,9,64
Adalynn,11,97
Landen,11,99
Giovanna,10,96
Elora,10,99
Cayson,9,87
Zoey,11,75
Moses,10,65
Edward,11,87
Emory,9,70
Jazmin,10,60
Ariyah,11,63
Alana,11,70
Madden,11,64
Ramona,10,93
Kara,12,62
Juan,12,85
Brixton,9,89
Marleigh,12,81
Anne,10,62
Hazel,12,99
Lyanna,9,75
Kody,12,67
Dominick,10,98
Gatlin,11,79
Tiana,9,81
Alan,12,90
Malachi,10,69
Zeke,11,90
Dax,10,88
Adalyn,9,96
Sarai,12,89
Xavier,11,91
Alaina,10,70
Joaquin,9,99
Amias,10,68
Erin,11,61
Rodney,9,60
Ryder,9,69
Cohen,10,89
Alani,11,74
Rowan,12,98
Saige,11,91
Jovie,11,60
Enzo,9,86
Ramon,12,83
Nelson,11,87
Dominic,9,92
Emely,10,59
Halle,11,72
Adrian,9,84
Jenna,11,61
Blake,10,60
Jade,12,65
Lauryn,11,97
Mohamed,11,74
Cataleya,10,82
Hunter,11,83
Brynn,11,61
Aria,9,82
Londyn,11,78
Eliel,12,98
Judah,12,74
Annika,10,97
Valerie,10,91
Malani,12,96
Troy,11,87
Lochlan,9,79
Laila,9,68
Esteban,10,77
Wesley,12,81
Harold,11,90
Harry,12,78
Braylen,10,95
Olivia,11,87
Avah,12,75
Jaliyah,10,63
Meadow,12,83
Ximena,12,75
Gwendolyn,12,79
Malaya,12,60
Emmitt,10,71
Sutton,12,60
Conrad,12,91
Gage,10,86
Heath,12,64
Damon,10,66
Hadlee,11,86
Riley,11,88
Ivanna,11,74
Elisa,12,61
Alvin,11,70
Dane,12,63
Nova,10,79
Sullivan,11,62
Elena,10,72
Jazlyn,9,89
Kayden,11,90
Faye,10,81
Jamari,12,79
Hallie,12,71
Kataleya,10,98
Maxton,9,76
Allan,12,83
Augustine,10,92
Peter,9,65
Holland,10,65
Caden,11,88
Colten,11,70
Brynlee,10,76
Parker,9,84
Brynleigh,10,81
Carter,12,80
Sevyn,11,62
Kyree,9,92
Kannon,9,66
Amiyah,10,83
Julien,10,69
Otis,11,65
Cody,9,87
Kalani,11,62
Haylee,10,72
Kallie,10,69
Amelie,11,94
Maeve,9,64
Andi,12,86
Galilea,11,73
Jordan,10,76
Lilliana,12,83
Paola,9,79
Alexa,12,99
Paige,12,95
Jaden,10,94
Jonas,12,93
Margot,10,87
Barbara,10,91
Rylie,12,92
Javier,12,83
Ford,9,84
Joey,10,67
Genevieve,9,87
Lennox,10,83
Baylee,12,90
Vanessa,11,76
Zayla,10,89
Isaac,10,99
Selah,11,81
Miracle,10,65
Martin,12,95
Della,11,69
Ivory,11,66
Finnegan,9,97
Paxton,9,89
Charlie,9,81
Avyaan,11,99
Bristol,11,70
Savanna,9,68
Jayce,12,67
Zain,10,64
Elias,9,93
Donovan,12,67
Paris,9,98
Vincenzo,12,65
Gordon,12,66
Elianna,12,59
Dallas,12,61
Amir,12,73
Jericho,10,84
Julieta,10,71
Ayleen,11,61
Adalee,12,94
Royal,9,79
Monroe,9,76
Aliana,12,83
Malik,11,98
Benson,12,68
Cillian,12,88
Houston,10,97
Vivienne,11,75
Saylor,9,71
Devin,10,75
Meredith,11,70
Angie,11,72
Karla,12,75
Bentley,9,63
Blaise,11,85
Lennon,9,91
Liv,10,88
Kamiyah,9,94
Jay,10,99
Jon,9,98
Augustus,9,74
Lillie,9,60
Peyton,9,74
Ariana,12,88
Cruz,12,90
Jacob,10,92
Van,11,82
Mustafa,10,74
Hezekiah,9,86
Aya,11,93
Jesiah,9,95
Poppy,12,80
Lucas,12,96
Aziel,10,71
Melissa,9,61
Corey,9,99
Ares,12,81
Weston,11,86
Olive,9,87
Brady,12,63
Ava,12,95
Addisyn,11,62
Remington,12,63
Cecilia,10,73
Joel,12,96
Jesus,11,95
Jianna,11,73
Cairo,12,61
Blake,9,67
Aitana,12,73
Grant,12,62
Azariah,11,87
Daxton,12,86
Halo,10,70
Bodie,12,81
Rosa,9,59
Briar,10,76
Harley,9,62
Finley,9,74
Alvaro,12,78
Ruby,11,69
Elia,11,92
Isla,11,74
Keaton,12,72
Marcos,9,99
Kaisley,12,78
Journee,9,72
Forest,11,97
Ocean,10,77
Mccoy,9,94
Kensley,10,69
Heidi,10,60
Lydia,11,67
Rhett,11,59
Ryleigh,10,71
Chandler,12,94
Elliot,11,62
Ryan,10,96
Harlan,11,92
Ishaan,12,81
Cali,12,95
Warren,11,65
Lillian,12,76
Braelyn,12,94
Kenneth,10,91
Andy,10,86
Diego,12,77
Matthew,12,91
Wes,9,61
Sylvia,11,85
Henrik,9,99
Hadleigh,10,67
Ruben,12,64
Colter,11,85
Jasmine,11,60
Eva,9,99
Cheyenne,10,80
Azalea,11,73
Israel,11,64
Elsa,9,63
Maleah,11,83
Collins,11,62
Gracelynn,10,88
Kali,12,75
Sasha,12,98
Sawyer,12,91
Landyn,10,61
Myles,12,59
Francisco,11,77
Bowie,10,93
Odin,12,98
Kenzo,9,59
Nova,10,87
Molly,12,70
Imani,9,70
Lily,10,66
William,11,93
Katie,11,85
Huxley,11,59
Darius,10,96
Edison,10,91
Santos,9,91
Chaim,9,93